{
  "best_hps": {
    "lr": 0.0003060215629001352,
    "batch_size": 8,
    "dropout": 0.18894052623930072,
    "weight_decay": 0.0005698595879374626
  },
  "best_miou": 0.4161535143852234
}