{
  "(-3.876, 8, 0.393, -3.007)": 0.3781543459743261,
  "(-4.532, 2, 0.123, -1.669)": 0.3767436238355003,
  "(-3.197, 4, 0.108, -1.15)": 0.16093516269611427,
  "(-2.503, 3, 0.173, -5.083)": 0.20883976025506854,
  "(-4.087, 4, 0.273, -4.544)": 0.40970298908650876,
  "(-3.164, 2, 0.217, -4.168)": 0.2876064800657332,
  "(-3.632, 4, 0.18, -3.429)": 0.41131938248872757,
  "(-3.223, 2, 0.343, -5.147)": 0.29291556316893547,
  "(-4.805, 8, 0.486, -1.958)": 0.04583763241316774,
  "(-4.086, 2, 0.374, -3.799)": 0.32047508904834104,
  "(-4.634, 3, 0.114, -1.453)": 0.33688477801624683,
  "(-4.224, 4, 0.225, -3.4)": 0.40572340339422225,
  "(-3.36, 3, 0.488, -2.124)": 0.2699299808416981,
  "(-2.182, 8, 0.339, -1.391)": 0.10107179246842861,
  "(-4.735, 3, 0.118, -4.373)": 0.2854920350015163,
  "(-3.834, 3, 0.431, -4.216)": 0.3548027193712187,
  "(-4.157, 4, 0.156, -1.989)": 0.4009185999631882,
  "(-4.776, 8, 0.409, -5.006)": 0.08054120424203574,
  "(-4.983, 4, 0.383, -2.355)": 0.0665162772871554,
  "(-2.686, 2, 0.243, -5.421)": 0.26681207893416287,
  "(-3.512, 8, 0.285, -3.221)": 0.3565513245761395,
  "(-2.502, 8, 0.192, -2.197)": 0.1731880906969309,
  "(-2.503, 8, 0.191, -2.201)": 0.2613645002245903,
  "(-3.076, 8, 0.183, -2.615)": 0.2832321789115667,
  "(-3.402, 8, 0.198, -3.065)": 0.37096781842410564,
  "(-3.431, 8, 0.26, -2.584)": 0.30382111072540285,
  "(-3.408, 8, 0.275, -3.247)": 0.3692459028214216,
  "(-3.341, 8, 0.202, -3.414)": 0.41090048998594286,
  "(-2.919, 8, 0.258, -2.426)": 0.29354829620569944,
  "(-3.532, 8, 0.304, -3.042)": 0.4030416805297136,
  "(-3.069, 8, 0.293, -2.653)": 0.31247398555278777,
  "(-3.167, 8, 0.211, -2.449)": 0.3057394061237574,
  "(-3.574, 4, 0.23, -3.329)": 0.3877943065017462,
  "(-2.073, 8, 0.221, -1.862)": 0.13489882312715054,
  "(-2.073, 8, 0.219, -1.866)": 0.14128407146781682,
  "(-3.364, 8, 0.182, -3.037)": 0.3520653437823057,
  "(-3.521, 8, 0.189, -3.254)": 0.4139500580728054,
  "(-2.052, 8, 0.237, -1.83)": 0.14245311273261904,
  "(-2.052, 8, 0.235, -1.833)": 0.16683893374374748,
  "(-3.03, 8, 0.19, -2.746)": 0.3018029060214758,
  "(-2.101, 8, 0.234, -1.875)": 0.15097372585587437,
  "(-2.106, 8, 0.229, -1.866)": 0.11557072191499174,
  "(-3.231, 8, 0.222, -2.855)": 0.32702325507998464,
  "(-3.516, 8, 0.244, -3.151)": 0.38934513702988627,
  "(-3.303, 8, 0.239, -2.964)": 0.32349683679640295,
  "(-3.35, 8, 0.199, -2.866)": 0.3559162177145481,
  "(-3.496, 8, 0.208, -3.218)": 0.3830280229449272,
  "(-2.0, 8, 0.235, -1.777)": 0.15337249133735895,
  "(-2.0, 8, 0.233, -1.781)": 0.08384104589931667,
  "(-3.447, 8, 0.192, -3.151)": 0.39554720297455787,
  "(-2.006, 8, 0.232, -1.822)": 0.1478054967463322,
  "(-2.011, 8, 0.227, -1.813)": 0.14221184820216876,
  "(-3.29, 8, 0.189, -3.014)": 0.29156346395611765,
  "(-3.027, 8, 0.253, -2.829)": 0.2800310354679823,
  "(-3.028, 8, 0.24, -2.833)": 0.2958245974034071,
  "(-2.828, 8, 0.211, -2.583)": 0.2790403783321381,
  "(-2.1, 8, 0.227, -1.908)": 0.15498249982483686,
  "(-2.1, 8, 0.228, -1.904)": 0.16197362762177364,
  "(-3.51, 8, 0.198, -3.237)": 0.4042700335383415,
  "(-2.0, 8, 0.233, -1.787)": 0.10525059336650884,
  "(-2.0, 8, 0.232, -1.79)": 0.10099609345015778,
  "(-3.487, 8, 0.19, -3.206)": 0.39224517457187175,
  "(-2.0, 8, 0.231, -1.83)": 0.16006653972435742,
  "(-2.003, 8, 0.226, -1.821)": 0.14265425828589287,
  "(-3.414, 8, 0.189, -3.143)": 0.3605879135429859,
  "(-3.078, 8, 0.252, -2.861)": 0.3066824126988649,
  "(-3.079, 8, 0.239, -2.864)": 0.27642572280019523,
  "(-3.201, 8, 0.199, -2.944)": 0.20778479520231485,
  "(-2.09, 8, 0.226, -1.915)": 0.15472977948375047,
  "(-2.09, 8, 0.227, -1.911)": 0.1276713266968727,
  "(-3.516, 8, 0.193, -3.246)": 0.39161260761320593,
  "(-2.011, 8, 0.233, -1.846)": 0.11155765410076128,
  "(-2.011, 8, 0.232, -1.849)": 0.1404819700115695,
  "(-3.506, 8, 0.189, -3.232)": 0.409113097563386,
  "(-2.057, 8, 0.23, -1.889)": 0.21219346299767494,
  "(-2.062, 8, 0.226, -1.879)": 0.18159856940619648,
  "(-3.473, 8, 0.189, -3.204)": 0.37781636230647564,
  "(-3.062, 8, 0.25, -2.842)": 0.3309142805635929,
  "(-3.063, 8, 0.237, -2.845)": 0.30882967337965966,
  "(-3.377, 8, 0.193, -3.114)": 0.3844164662063122,
  "(-2.147, 8, 0.226, -1.971)": 0.1650080912746489,
  "(-2.147, 8, 0.227, -1.967)": 0.2265178130939603,
  "(-3.519, 8, 0.19, -3.25)": 0.3908512979745865,
  "(-2.061, 8, 0.233, -1.902)": 0.20461799091426655,
  "(-2.062, 8, 0.231, -1.905)": 0.055739070964045824,
  "(-3.514, 8, 0.189, -3.244)": 0.4161535143852234,
  "(-2.06, 8, 0.233, -1.9)": 0.12341084217187018,
  "(-2.06, 8, 0.232, -1.903)": 0.16552009391598405,
  "(-2.871, 8, 0.207, -2.646)": 0.3058349519968033,
  "(-3.496, 8, 0.189, -3.226)": 0.4096009358763695,
  "(-2.105, 8, 0.231, -1.941)": 0.17933124747153215,
  "(-2.109, 8, 0.226, -1.932)": 0.1295174274535384,
  "(-2.851, 8, 0.208, -2.628)": 0.2215413885191083,
  "(-3.047, 8, 0.248, -2.815)": 0.21574211977422236,
  "(-3.048, 8, 0.235, -2.818)": 0.2636217577382922,
  "(-2.91, 8, 0.206, -2.68)": 0.3280070496723056,
  "(-3.512, 8, 0.19, -3.242)": 0.40489929281175135,
  "(-2.061, 8, 0.232, -1.903)": 0.16880116903921588,
  "(-2.062, 8, 0.231, -1.906)": 0.19150712606497108,
  "(-2.105, 8, 0.23, -1.943)": 0.21606347542256116,
  "(-2.11, 8, 0.225, -1.934)": 0.12700527920387686,
  "(-3.237, 8, 0.197, -2.986)": 0.37132502160966396,
  "(-3.506, 8, 0.189, -3.237)": 0.38785673789680003,
  "(-3.089, 8, 0.247, -2.852)": 0.3336665168404579,
  "(-3.09, 8, 0.234, -2.855)": 0.2803126435726881,
  "(-2.887, 8, 0.207, -2.665)": 0.2724713753908873,
  "(-2.906, 8, 0.207, -2.682)": 0.25964537253603337,
  "(-2.0, 3, 0.105, -1.0)": 0.05466291904449463,
  "(-2.0, 8, 0.245, -1.0)": 0.06856199633330107,
  "(-2.0, 8, 0.243, -1.0)": 0.0018517735064961017,
  "(-2.0, 3, 0.1, -1.0)": 0.05466291904449463,
  "(-2.0, 8, 0.245, -1.009)": 0.05466291904449463,
  "(-2.0, 8, 0.244, -1.012)": 0.06919532977044582,
  "(-2.0, 8, 0.241, -1.045)": 0.06222003144212067,
  "(-2.0, 8, 0.237, -1.036)": 0.05277798308525235,
  "(-2.0, 8, 0.271, -1.827)": 0.12160785535379545,
  "(-2.0, 8, 0.27, -1.831)": 0.1303100312128663,
  "(-2.0, 8, 0.242, -1.069)": 0.0627846285700798,
  "(-2.0, 8, 0.237, -1.06)": 0.05466291904449463,
  "(-2.0, 8, 0.235, -1.584)": 0.1037394811399281,
  "(-2.0, 8, 0.233, -1.587)": 0.1301762222312391,
  "(-2.676, 8, 0.266, -2.471)": 0.2695717627182603,
  "(-2.677, 8, 0.254, -2.474)": 0.26955130361020563,
  "(-2.0, 4, 0.135, -1.869)": 0.08254951760172843,
  "(-2.0, 8, 0.235, -1.0)": 0.05960180750116706,
  "(-2.0, 8, 0.233, -1.0)": 0.05466291904449463,
  "(-2.0, 4, 0.101, -2.001)": 0.10102548338472843,
  "(-2.0, 8, 0.234, -1.0)": 0.0767796017229557,
  "(-2.0, 8, 0.229, -1.0)": 0.06489589074626564,
  "(-2.0, 8, 0.219, -1.0)": 0.05466291904449463,
  "(-2.0, 8, 0.218, -1.0)": 0.0652339080348611,
  "(-3.255, 8, 0.281, -3.165)": 0.3607178494334221,
  "(-3.256, 8, 0.268, -3.168)": 0.3413251355290413,
  "(-2.838, 8, 0.301, -2.619)": 0.23228047583252193,
  "(-2.839, 8, 0.288, -2.623)": 0.2973425880074501,
  "(-2.0, 4, 0.122, -1.0)": 0.05466291904449463,
  "(-2.0, 8, 0.24, -1.0)": 0.056424242863431576,
  "(-2.0, 8, 0.238, -1.0)": 0.05466291904449463,
  "(-2.0, 8, 0.237, -1.0)": 0.05466291904449463,
  "(-2.0, 8, 0.232, -1.0)": 0.05466291904449463,
  "(-3.261, 8, 0.269, -2.968)": 0.14051835890859365,
  "(-3.263, 8, 0.256, -2.971)": 0.37095679473131893,
  "(-2.505, 8, 0.307, -2.216)": 0.24261455200612544,
  "(-2.506, 8, 0.294, -2.22)": 0.1886737121269107,
  "(-2.756, 8, 0.311, -2.543)": 0.23338898718357087,
  "(-2.757, 8, 0.299, -2.546)": 0.2289897594600916,
  "(-2.0, 4, 0.125, -1.887)": 0.09455036967992783,
  "(-2.0, 8, 0.236, -1.0)": 0.05466291904449463,
  "(-2.0, 3, 0.1, -2.013)": 0.11439749542259961,
  "(-2.0, 8, 0.314, -1.0)": 0.05466291904449463,
  "(-2.0, 8, 0.31, -1.0)": 0.0546662114398714,
  "(-2.0, 8, 0.228, -1.0)": 0.05466291904449463,
  "(-2.0, 8, 0.318, -1.0)": 0.05466291904449463,
  "(-2.0, 8, 0.316, -1.0)": 0.09153432250022889,
  "(-3.268, 8, 0.198, -2.975)": 0.32069129422307013,