{
  "(-3.876, 8, 0.393, -3.007)": 0.22607040237635373,
  "(-4.532, 2, 0.123, -1.669)": 0.21938613103702664,
  "(-3.197, 4, 0.108, -1.15)": 0.22703469060361386,
  "(-2.503, 3, 0.173, -5.083)": 0.24285041674838795,
  "(-4.087, 4, 0.273, -4.544)": 0.2522732086479664,
  "(-3.164, 2, 0.217, -4.168)": 0.26079032857524,
  "(-3.632, 4, 0.18, -3.429)": 0.264341926574707,
  "(-3.223, 2, 0.343, -5.147)": 0.24774796125711873,
  "(-4.805, 8, 0.486, -1.958)": 0.10219212248921394,
  "(-4.086, 2, 0.374, -3.799)": 0.2177915765074431,
  "(-4.634, 3, 0.114, -1.453)": 0.18906327313743532,
  "(-4.224, 4, 0.225, -3.4)": 0.2329367410391569,
  "(-3.36, 3, 0.488, -2.124)": 0.2167020533233881,
  "(-2.182, 8, 0.339, -1.391)": 0.18689295053482055,
  "(-4.735, 3, 0.118, -4.373)": 0.18557903091423214,
  "(-3.834, 3, 0.431, -4.216)": 0.23589092143811285,
  "(-4.157, 4, 0.156, -1.989)": 0.26255356539040803,
  "(-4.776, 8, 0.409, -5.006)": 0.11166300754994155,
  "(-4.983, 4, 0.383, -2.355)": 0.11706287134438753,
  "(-2.686, 2, 0.243, -5.421)": 0.2236713585925827,
  "(-3.512, 8, 0.285, -3.221)": 0.27290076985955236,
  "(-2.482, 8, 0.384, -2.162)": 0.24197121020406484,
  "(-2.482, 8, 0.382, -2.166)": 0.26243755044415595,
  "(-3.015, 8, 0.34, -2.306)": 0.2647483583539724,
  "(-3.341, 8, 0.318, -2.756)": 0.2677798055112362,
  "(-3.369, 8, 0.313, -2.274)": 0.26764504238963127,
  "(-3.229, 8, 0.328, -2.937)": 0.2673136629164219,
  "(-3.161, 8, 0.314, -3.133)": 0.277658973634243,
  "(-2.422, 8, 0.438, -2.147)": 0.19982277848757804,
  "(-2.423, 8, 0.436, -2.151)": 0.19323227745480837,
  "(-2.388, 8, 0.41, -2.524)": 0.24703350998461246,
  "(-2.671, 8, 0.392, -2.571)": 0.25950178168714044,
  "(-2.265, 8, 0.348, -2.751)": 0.2290534485131502,
  "(-4.176, 4, 0.26, -4.253)": 0.24085469413548707,
  "(-4.178, 4, 0.26, -4.339)": 0.24094386752694846,
  "(-4.294, 4, 0.248, -4.37)": 0.22086498234421015,
  "(-4.295, 4, 0.247, -4.374)": 0.22192835034802555,
  "(-3.224, 8, 0.303, -3.489)": 0.2787356525659561,
  "(-4.403, 4, 0.245, -4.984)": 0.20202922057360412,
  "(-4.403, 4, 0.244, -4.987)": 0.2037802898325026,
  "(-3.542, 8, 0.269, -4.057)": 0.2718777837231755,
  "(-4.362, 4, 0.249, -4.94)": 0.2115954308770597,
  "(-4.367, 4, 0.244, -4.931)": 0.20830224798992275,
  "(-3.251, 8, 0.298, -3.642)": 0.26925728023052214,
  "(-3.568, 8, 0.245, -4.065)": 0.2739259734749794,
  "(-3.76, 4, 0.2, -3.85)": 0.2777828900143504,
  "(-3.761, 4, 0.187, -3.853)": 0.29405999146401884,
  "(-5.0, 4, 0.161, -5.612)": 0.12524768533185124,
  "(-5.0, 4, 0.16, -5.615)": 0.12512696627527475,
  "(-4.561, 4, 0.163, -4.527)": 0.18696592836640774,
  "(-4.563, 4, 0.163, -4.613)": 0.1882858126424253,
  "(-4.699, 4, 0.156, -4.668)": 0.1667644648812711,
  "(-4.7, 4, 0.155, -4.672)": 0.16659115487709641,
  "(-3.987, 4, 0.139, -4.007)": 0.29213621038943527,
  "(-4.031, 4, 0.164, -4.33)": 0.28768970873206856,
  "(-4.653, 4, 0.159, -4.621)": 0.1739730334840715,
  "(-4.658, 4, 0.154, -4.612)": 0.1750583801418543,
  "(-4.782, 4, 0.121, -5.045)": 0.15776543514803051,
  "(-4.783, 4, 0.108, -5.048)": 0.1588052174076438,
  "(-4.564, 4, 0.163, -4.53)": 0.18597010821104049,
  "(-4.564, 4, 0.165, -4.525)": 0.1897015887312591,
  "(-4.282, 4, 0.176, -4.593)": 0.24736170955002307,
  "(-3.391, 4, 0.198, -3.503)": 0.2710573021322489,
  "(-2.907, 8, 0.262, -2.966)": 0.23645589277148246,
  "(-2.907, 8, 0.261, -2.97)": 0.23368097916245462,
  "(-3.657, 4, 0.21, -3.783)": 0.27551905661821363,
  "(-3.637, 4, 0.198, -3.633)": 0.26374550219625237,
  "(-2.957, 8, 0.26, -3.018)": 0.2391319854184985,
  "(-2.962, 8, 0.255, -3.009)": 0.2753311231732368,
  "(-2.466, 4, 0.219, -2.537)": 0.22026042791549116,
  "(-2.467, 4, 0.207, -2.541)": 0.2412334972526878,
  "(-3.055, 8, 0.255, -3.118)": 0.2731528267264366,
  "(-3.055, 8, 0.257, -3.114)": 0.2692642856389284,
  "(-3.521, 4, 0.192, -3.512)": 0.2885855154134333,
  "(-3.594, 4, 0.192, -3.695)": 0.29167926833033564,
  "(-2.301, 8, 0.225, -2.346)": 0.23621396701782943,
  "(-2.302, 8, 0.223, -2.349)": 0.2464103542268276,
  "(-3.714, 4, 0.197, -3.821)": 0.2845845028758049,
  "(-3.705, 4, 0.192, -3.754)": 0.2715520117431879,
  "(-2.351, 8, 0.222, -2.396)": 0.23340922445058823,
  "(-2.356, 8, 0.218, -2.387)": 0.2742731411010027,
  "(-3.118, 8, 0.255, -3.206)": 0.2676343385130167,
  "(-3.119, 8, 0.242, -3.209)": 0.27753010094165803,
  "(-2.447, 4, 0.218, -2.494)": 0.20817199699522462,
  "(-2.447, 4, 0.219, -2.49)": 0.22546918444295444,
  "(-3.653, 4, 0.19, -3.699)": 0.3047930091619492,
  "(-3.627, 4, 0.191, -3.697)": 0.27814600747078655,
  "(-2.203, 8, 0.237, -2.239)": 0.23268948551267385,
  "(-2.203, 8, 0.235, -2.242)": 0.2478201102465391,
  "(-3.625, 4, 0.193, -3.645)": 0.2937481326982379,
  "(-3.629, 4, 0.191, -3.675)": 0.2941320898011327,
  "(-2.249, 8, 0.234, -2.286)": 0.2171996334567666,
  "(-2.254, 8, 0.23, -2.277)": 0.24735358860343695,
  "(-3.105, 8, 0.246, -3.137)": 0.26946798488497736,
  "(-3.106, 8, 0.234, -3.14)": 0.25416764058172703,
  "(-2.34, 8, 0.23, -2.378)": 0.24897611178457738,
  "(-2.34, 8, 0.231, -2.374)": 0.21676922421902417,
  "(-5.0, 3, 0.1, -5.601)": 0.14302945542149245,
  "(-2.0, 2, 0.1, -1.0)": 0.08644761741161347,
  "(-2.563, 4, 0.199, -2.587)": 0.2451121992431581,
  "(-2.453, 4, 0.196, -2.477)": 0.22321898034133483,
  "(-2.875, 2, 0.1, -1.424)": 0.20202924609184264,
  "(-2.185, 2, 0.1, -1.03)": 0.12059288593009114,
  "(-2.143, 2, 0.1, -1.073)": 0.05466291904449463,
  "(-3.085, 8, 0.227, -2.897)": 0.2088569525629282,
  "(-2.016, 8, 0.276, -1.692)": 0.10100615734270377,
  "(-2.017, 8, 0.275, -1.696)": 0.14987970560323446,
  "(-2.956, 8, 0.227, -2.561)": 0.2665710482746363,
  "(-2.061, 8, 0.274, -1.738)": 0.12836181955879056,
  "(-2.066, 8, 0.269, -1.728)": 0.20748534329468385,
  "(-3.382, 4, 0.202, -3.623)": 0.28813060466200113,
  "(-3.384, 4, 0.189, -3.626)": 0.30370871126651766,
  "(-2.148, 8, 0.269, -1.826)": 0.19790761066147694,
  "(-2.148, 8, 0.271, -1.821)": 0.17568400646559895,
  "(-3.585, 4, 0.17, -3.782)": 0.30194797217845915,
  "(-2.217, 8, 0.234, -1.858)": 0.21904505272395908,
  "(-2.285, 8, 0.237, -1.922)": 0.21315615568310023,
  "(-2.0, 2, 0.1, -1.372)": 0.07046340396627784,
  "(-2.265, 2, 0.1, -1.079)": 0.08791509147267788,
  "(-2.269, 2, 0.1, -1.081)": 0.11171381305903197,
  "(-2.163, 2, 0.1, -1.068)": 0.08974082469940185,
  "(-3.626, 4, 0.197, -3.666)": 0.28526256140321493,
  "(-2.042, 8, 0.268, -1.716)": 0.13105637578992174,
  "(-2.042, 8, 0.267, -1.719)": 0.17479328252375126,
  "(-3.076, 4, 0.207, -2.96)": 0.26302584204822776,
  "(-2.989, 8, 0.226, -2.616)": 0.2718714319169521,
  "(-2.084, 8, 0.266, -1.759)": 0.13786372812683112,
  "(-2.089, 8, 0.262, -1.75)": 0.17436632974895475,
  "(-2.989, 8, 0.226, -2.765)": 0.26155618131160735,
  "(-3.447, 4, 0.205, -3.555)": 0.29165377337485554,
  "(-3.449, 4, 0.193, -3.558)": 0.26415926273912194,
  "(-3.097, 8, 0.226, -2.648)": 0.25610851421952247
}