{
  "train_loss": [
    4.210017681121826,
    3.242628977033827,
    2.5245299723413255,
    2.1035670896371204,
    1.8789051817523108,
    1.7633701536390516,
    1.7122756110297308,
    1.6484589556852975,
    1.6106712407535977,
    1.6041134350829653,
    1.5543664630916383,
    1.5500814424620735,
    1.5472761611143748,
    1.4620832300848432,
    1.4916072203053368,
    1.4801040404372745,
    1.5536053356197146,
    1.5805933223830329,
    1.4744384196069507,
    1.484972972008917,
    1.4635930806398392,
    1.4755296525028017,
    1.421294575598505,
    1.4829123003615274,
    1.430304859081904,
    1.3947723295953538,
    1.385830554034975,
    1.3413215928607516,
    1.378063518471188,
    1.3604922453562418,
    1.351028330789672,
    1.3071643584304387,
    1.305314188533359,
    1.297110413511594,
    1.2755037215020921,
    1.264114221599367,
    1.2491877198219299,
    1.2442869361903932,
    1.2384288248088624,
    1.2078485618034998,
    1.2042771465248532,
    1.1827674590879016,
    1.1650595800744163,
    1.1561207648780611,
    1.1522536357243855,
    1.1358909040689469,
    1.1253880305422677,
    1.1397291027837329,
    1.1250440203481251,
    1.124170697066519
  ],
  "val_loss": [
    3.842600617492408,
    2.7277328675253347,
    2.0165134563780667,
    1.7047689358393352,
    1.554337155400661,
    1.5109114500514247,
    1.4488349588293779,
    1.4205596718871802,
    1.414300168815412,
    1.381004326176225,
    1.5042646997853328,
    1.3494440421723484,
    1.34156631691414,
    1.4077528150458085,
    1.2977408149786163,
    1.390907623265919,
    1.5267840153292607,
    1.3290609769653856,
    1.3227295781436719,
    1.4275933232223779,
    1.350502334142986,
    1.3110278248786926,
    1.2479621935309024,
    1.2838783274617112,
    1.2883939115624679,
    1.2434500560425876,
    1.262048808106205,
    1.239438153149789,
    1.2188396537513064,
    1.218340976196423,
    1.2593901784796464,
    1.2264969756728725,
    1.20917791964715,
    1.2026834728425009,
    1.1850522516066568,
    1.1771717552553143,
    1.1855753513804652,
    1.176275792874788,
    1.1568829406771743,
    1.1422471404075623,
    1.1537184056482817,
    1.118716025561617,
    1.1256947642878483,
    1.114832315528602,
    1.1236236450964945,
    1.1210783594533016,
    1.1216427704744172,
    1.1264583071072896,
    1.120824773060648,
    1.1236352219916226
  ],
  "val_miou": [
    0.014632141240872443,
    0.10772448489442468,
    0.22883229311555625,
    0.3531298765912652,
    0.42727828994393346,
    0.4334851071238518,
    0.45194934755563737,
    0.45134216323494913,
    0.4324677400290966,
    0.46698893159627913,
    0.41880411431193354,
    0.47891208454966544,
    0.48795258030295374,
    0.46376985162496565,
    0.48797125443816186,
    0.47541977614164355,
    0.4318377323448658,
    0.48793809562921525,
    0.4906724765896797,
    0.4511080652475357,
    0.4738053113222122,
    0.4879793345928192,
    0.49974740147590635,
    0.4901442378759384,
    0.5048342727124691,
    0.5124409779906273,
    0.5247324034571648,
    0.5231255516409874,
    0.5076259851455689,
    0.5248664498329163,
    0.5218245998024941,
    0.5172414734959603,
    0.5322657763957978,
    0.5343817695975304,
    0.5367645502090455,
    0.5513427227735519,
    0.5378298446536064,
    0.5318308308720588,
    0.5491072982549667,
    0.5562430918216705,
    0.5569343850016594,
    0.5648096144199372,
    0.5708683073520661,
    0.5676388591527939,
    0.5675685256719589,
    0.5629430115222931,
    0.5773085862398147,
    0.5711678564548492,
    0.5765687912702561,
    0.5759832412004471
  ],
  "lr": [
    3.060215629001352e-06,
    6.365248508322811e-05,
    0.00012424475453745487,
    0.0001848370239916816,
    0.0002454292934459084,
    0.0003060215629001352,
    0.0003056500543016879,
    0.00030453733845889374,
    0.000302688836411489,
    0.00030011355387563786,
    0.0002968240373689885,
    0.00029283631308530024,
    0.00028816980881643864,
    0.00028284725930212613,
    0.00027689459546857573,
    0.0002703408180956247,
    0.0002632178565278508,
    0.00025556041311801457,
    0.0002474057941606852,
    0.00023879372813972335,
    0.00022976617217510136,
    0.00022036710761203206,
    0.00021064232574827607,
    0.00020063920474354196,
    0.0001904064787978546,
    0.00017999400072343132,
    0.0001694524990667921,
    0.0001588333309643801,
    0.00014818823193575516,
    0.0001375690638333431,
    0.00012702756217670389,
    0.0001166150841022806,
    0.00010638235815659325,
    9.637923715185911e-05,
    8.66544552881031e-05,
    7.725539072503383e-05,
    6.82278347604118e-05,
    5.961576873944994e-05,
    5.146114978212055e-05,
    4.380370637228429e-05,
    3.668074480451042e-05,
    3.012696743155944e-05,
    2.417430359800901e-05,
    1.8851754083696554e-05,
    1.4185249814834931e-05,
    1.0197525531146687e-05,
    6.908009024497347e-06,
    4.332726488646178e-06,
    2.484224441241461e-06,
    1.3715085984473007e-06
  ],
  "best_epoch": 46,
  "best_miou": 0.5773085862398147,
  "hps": {
    "lr": 0.0003060215629001352,
    "batch_size": 8,
    "dropout": 0.18894052623930072,
    "weight_decay": 0.0005698595879374626
  },
  "backbone": "resnet34"
}