{
  "train_loss": [
    1.432512048704142,
    1.083969388972359,
    0.9815389168889899,
    0.9481974580941768,
    0.9270753839009356,
    0.9123847515959489,
    0.8891134172925659,
    0.8845535559667445,
    0.8650400463563914,
    0.8490229424842507,
    0.8464867885423168,
    0.8405227402735945,
    0.8237664645068203,
    0.8128597468055186,
    0.8100102469531453,
    0.8224874325406188,
    0.8092507897486647,
    0.7952443352201308,
    0.7920468307598145,
    0.7806182909044863
  ],
  "val_loss": [
    3.8726049988670685,
    0.890386679794936,
    0.9042260509676638,
    0.9092986755139005,
    1.030838807335997,
    0.8361097467420375,
    0.765709435122203,
    0.8636160937294496,
    0.8263186581630623,
    0.8172448230000724,
    0.7379316197032422,
    0.740595670268599,
    0.7444270134499643,
    0.7208179793262903,
    0.70833105719195,
    0.7690654389098682,
    0.8578776089491043,
    0.710592825460223,
    0.7077147331649223,
    0.7275894174138001
  ],
  "val_miou": [
    0.1564349039429544,
    0.2104829987161793,
    0.22545721715652006,
    0.17339210666250437,
    0.16590716493956278,
    0.24927204549312593,
    0.24914902513846754,
    0.21703431178757454,
    0.19775027332696027,
    0.23236425671129837,
    0.29779875138774514,
    0.30324225561926144,
    0.30599113400094213,
    0.3195491216145456,
    0.3464611739851534,
    0.26408285641737167,
    0.26298669931520635,
    0.33372163455933335,
    0.3500113026238978,
    0.3139020617119968
  ],
  "lr": [
    0.0009549925860214359,
    0.0009549925860214359,
    0.0009549925860214359,
    0.0009549925860214359,
    0.0009549925860214359,
    0.0009549925860214359,
    0.0009549925860214359,
    0.0009549925860214359,
    0.0009549925860214359,
    0.0009549925860214359,
    0.0009549925860214359,
    0.0009549925860214359,
    0.0009549925860214359,
    0.0009549925860214359,
    0.0009549925860214359,
    0.0009549925860214359,
    0.0009549925860214359,
    0.0009549925860214359,
    0.0009549925860214359,
    0.0009549925860214359
  ],
  "best_epoch": 18,
  "best_miou": 0.3500113026238978,
  "hps": {
    "lr": 0.0009549925860214359,
    "batch_size": 4,
    "dropout": 0.3,
    "weight_decay": 0.0007943282347242813
  }
}