{
  "train_loss": [
    4.210017681121826,
    3.242628977033827,
    2.5245299723413255,
    2.1035670896371204,
    1.8789051817523108,
    1.7633701536390516,
    1.714540300104353,
    1.6607038266128964,
    1.6121556606557634,
    1.608060355981191,
    1.5818673027886285,
    1.5204191850291358,
    1.5668999804390802,
    1.5210962692896526,
    1.5037512004375457,
    1.5651704457071092,
    1.6496845258606805,
    1.548414342270957,
    1.4796351412932078,
    1.4468133883343803,
    1.4708643201324674,
    1.4546435823043187,
    1.4612729460000993,
    1.4808708955844243,
    1.4772084769275453,
    1.476161132587327,
    1.4376546710729599,
    1.4846085482173497,
    1.4250509818394979,
    1.419209165705575,
    1.4121065805355708,
    1.4101209084192912,
    1.4130419512589774,
    1.409654731882943,
    1.4007842053969701,
    1.3840165866745844,
    1.370993416176902,
    1.361532352368037,
    1.3487845477130678,
    1.3447006596459283,
    1.3352794524696139,
    1.3157012240754233,
    1.288499088750945,
    1.2890929483705096,
    1.3015245884656905,
    1.2682499905427298,
    1.2663034670882756,
    1.2800694147745768,
    1.2680760244528453,
    1.2545896155966654,
    1.236123228735394,
    1.2450925628344218,
    1.2289172659317653,
    1.207068321439955,
    1.1914109097586738,
    1.1713624758852852,
    1.161216120587455,
    1.1655921022097269,
    1.159455614288648,
    1.139964830213123,
    1.1464939951896667,
    1.1383644968271256,
    1.1287183397346072,
    1.1263998534944322,
    1.1172425438960394,
    1.1076562762260438,
    1.0983739876084857,
    1.080820095539093,
    1.102416616015964,
    1.087362625863817,
    1.071854782435629,
    1.0872603939639198,
    1.0724391599496206,
    1.082872658305698,
    1.0786894304884804
  ],
  "val_loss": [
    3.842600617492408,
    2.7277328675253347,
    2.0165134563780667,
    1.7047689358393352,
    1.554337155400661,
    1.5109114500514247,
    1.4551853924466853,
    1.4301233824930693,
    1.3998005944385863,
    1.3966507043754846,
    1.4588535992722762,
    1.355304948070593,
    1.3379719110957362,
    1.3989873256599694,
    1.3146458864212036,
    1.7593021434650087,
    1.611320503971033,
    1.3717209874537952,
    1.3281915794339096,
    1.290516119254263,
    1.429474693641328,
    1.3137139698915314,
    1.2991214143602472,
    1.3166005893757469,
    1.3699623325414825,
    1.3316929037110847,
    1.275816706188938,
    1.301175178143016,
    1.3046135787378277,
    1.2718162369309811,
    1.2930644510085123,
    1.298019381991604,
    1.2473124819889403,
    1.3396202608158714,
    1.2441293795903523,
    1.286859931653006,
    1.2662408832918133,
    1.2690196967961496,
    1.2613230828653301,
    1.2348236692579169,
    1.2334051968758566,
    1.2409018204923261,
    1.210495906963683,
    1.2193744318527089,
    1.1903158489026522,
    1.2011007771157383,
    1.190992481875838,
    1.2106042985330547,
    1.174995365895723,
    1.1970790039029038,
    1.1940249005953472,
    1.1654743060731052,
    1.1838722689109935,
    1.1434833867508067,
    1.1322044249166523,
    1.1439020539584912,
    1.1201938829923932,
    1.1227257910527682,
    1.1295421217617236,
    1.1365838218153568,
    1.1251266034025895,
    1.1280899717096697,
    1.1159297468369467,
    1.1140976590022706,
    1.1009985344451771,
    1.1116850072877449,
    1.0990293444248669,
    1.0949327632000572,
    1.1010843504939163,
    1.1020140396921259,
    1.097591403283571,
    1.1008259350793403,
    1.0994435684722768,
    1.1013793296981276,
    1.097014662466551
  ],
  "val_miou": [
    0.014632141240872443,
    0.10772448489442468,
    0.22883229311555625,
    0.3531298765912652,
    0.42727828994393346,
    0.4334851071238518,
    0.4467618949711323,
    0.4758142404258251,
    0.4393684886395931,
    0.4694535329937935,
    0.43558922931551936,
    0.4809884957969189,
    0.4813940800726414,
    0.4417244527488947,
    0.4782249368727207,
    0.3760934680700302,
    0.39597000628709794,
    0.46468930765986444,
    0.47261645793914797,
    0.4901569694280624,
    0.4486612159758806,
    0.5050843894481659,
    0.46956544555723667,
    0.49042209461331365,
    0.4776634767651558,
    0.4858102843165398,
    0.4888900190591812,
    0.48286343216896055,
    0.48430763781070707,
    0.4958823576569557,
    0.510039896517992,
    0.5012211561203003,
    0.5168200269341469,
    0.4493618175387383,
    0.5152100712060929,
    0.482749442756176,
    0.4835505709052086,
    0.4950913660228252,
    0.5159167915582656,
    0.5190866559743881,
    0.5026753470301628,
    0.5034914515912533,
    0.5279787287116051,
    0.5231904223561287,
    0.5345936387777328,
    0.5229840964078903,
    0.5371838748455048,
    0.547772790491581,
    0.5495325475931168,
    0.5282154902815819,
    0.5221586808562279,
    0.5538476318120956,
    0.5302058175206185,
    0.5635200202465057,
    0.563232597708702,
    0.5608742028474808,
    0.5601689100265503,
    0.5666427254676819,
    0.5818238943815232,
    0.5576492697000504,
    0.5756732404232026,
    0.5619652390480041,
    0.5892274111509324,
    0.5808146059513092,
    0.5778044193983078,
    0.5826931595802307,
    0.5902640908956528,
    0.5932895362377166,
    0.5963699460029602,
    0.5867749392986298,
    0.5957100838422775,
    0.5948080569505692,
    0.5921930700540543,
    0.5967576235532761,
    0.5924161195755004
  ],
  "lr": [
    3.060215629001352e-06,
    6.365248508322811e-05,
    0.00012424475453745487,
    0.0001848370239916816,
    0.0002454292934459084,
    0.0003060215629001352,
    0.0003058679946914829,
    0.0003054075993314609,
    0.00030464130399505366,
    0.0003035706518990881,
    0.00030219779919440036,
    0.0003005255106236348,
    0.0002985571539534204,
    0.00029629669319213687,
    0.00029374868060692936,
    0.00029091824755604823,
    0.0002878110941549766,
    0.00028443347779715596,
    0.00028079220055242897,
    0.0002768945954685758,
    0.00027274851180353164,
    0.00026836229921802635,
    0.00026374479096047827,
    0.0002589052860780081,
    0.000253853530689395,
    0.00024859969835769086,
    0.00024315436960201776,
    0.00023752851058981108,
    0.00023173345105241728,
    0.00022578086146852287,
    0.00021968272956136357,
    0.000213451336157045,
    0.00020709923045259316,
    0.00020063920474354193,
    0.0001940842686619521,
    0.00018744762297674393,
    0.00018074263300910513,
    0.00017398280171651283,
    0.0001671817424995742,
    0.0001603531517864493,
    0.00015351078145006756,
    0.00014666841111368585,
    0.00013983982040056094,
    0.0001330387611836223,
    0.00012627892989103,
    0.00011957393992339118,
    0.00011293729423818303,
    0.00010638235815659321,
    9.992233244754199e-05,
    9.357022674309016e-05,
    8.733883333877152e-05,
    8.124070143161223e-05,
    7.528811184771783e-05,
    6.949305231032405e-05,
    6.386719329811738e-05,
    5.8421864542444337e-05,
    5.316803221074016e-05,
    4.81162768221271e-05,
    4.327677193965693e-05,
    3.8659263682108886e-05,
    3.427305109660356e-05,
    3.0126967431559435e-05,
    2.6229362347706194e-05,
    2.258808510297921e-05,
    1.9210468745158588e-05,
    1.610331534408694e-05,
    1.327288229320585e-05,
    1.0724869707998327e-05,
    8.464408946714783e-06,
    6.4960522765003665e-06,
    4.8237637057348e-06,
    3.4509110010470652e-06,
    2.380258905081557e-06,
    1.6139635686743192e-06,
    1.1535682086523313e-06
  ],
  "best_epoch": 73,
  "best_miou": 0.5967576235532761,
  "hps": {
    "lr": 0.0003060215629001352,
    "batch_size": 8,
    "dropout": 0.18894052623930072,
    "weight_decay": 0.0005698595879374626
  },
  "backbone": "resnet34"
}